<?xml version="1.0" encoding="UTF-8"?>
<metadata modelVersion="1.1.0">
  <groupId>io.apicurio</groupId>
  <artifactId>apicurio-registry-utils-kafka</artifactId>
  <version>1.2.0-SNAPSHOT</version>
  <versioning>
    <snapshot>
      <localCopy>true</localCopy>
    </snapshot>
    <lastUpdated>20200428120029</lastUpdated>
    <snapshotVersions>
      <snapshotVersion>
        <classifier>javadoc</classifier>
        <extension>jar</extension>
        <value>1.2.0-SNAPSHOT</value>
        <updated>20200428120029</updated>
      </snapshotVersion>
      <snapshotVersion>
        <classifier>sources</classifier>
        <extension>jar</extension>
        <value>1.2.0-SNAPSHOT</value>
        <updated>20200428120029</updated>
      </snapshotVersion>
      <snapshotVersion>
        <extension>jar</extension>
        <value>1.2.0-SNAPSHOT</value>
        <updated>20200428120029</updated>
      </snapshotVersion>
      <snapshotVersion>
        <extension>pom</extension>
        <value>1.2.0-SNAPSHOT</value>
        <updated>20200428120029</updated>
      </snapshotVersion>
    </snapshotVersions>
  </versioning>
</metadata>
